City_ID,City,Country,Date,Lat,Lng,Max Temp,Humidity,Cloudiness,Wind Speed
0,Bethel,US,2020-10-29 06:01:38,41.37,-73.41,48.0,93,1,2.68
1,Hobart,AU,2020-10-29 05:57:48,-42.88,147.33,62.6,42,40,13.87
2,Meadow Lake,US,2020-10-29 05:56:44,34.8,-106.54,37.4,74,1,3.36
3,Bluff,NZ,2020-10-29 06:01:41,-46.6,168.33,62.01,71,40,3.0
4,Saldanha,ZA,2020-10-29 05:59:51,-33.01,17.94,59.0,87,56,3.36
5,Vostok,RU,2020-10-29 06:01:43,46.49,135.88,29.17,100,100,11.7
6,Nioro,GM,2020-10-29 06:01:44,13.35,-15.75,74.43,63,46,3.8
7,Cherskiy,RU,2020-10-29 06:01:45,68.75,161.3,4.71,93,76,3.49
8,Yellowknife,CA,2020-10-29 06:01:45,62.46,-114.35,17.6,92,75,12.75
9,Mataura,NZ,2020-10-29 06:01:46,-46.19,168.86,62.01,71,20,3.0
10,Kodiak,US,2020-10-29 06:01:47,57.79,-152.41,39.2,64,90,6.93
11,Rikitea,PF,2020-10-29 06:01:48,-23.12,-134.97,74.77,81,99,9.89
12,Punta Arenas,CL,2020-10-29 06:01:49,-53.15,-70.92,46.4,65,40,40.26
13,Uyemskiy,RU,2020-10-29 06:01:49,64.47,40.85,44.6,87,75,6.71
14,Port Alfred,ZA,2020-10-29 06:01:50,-33.59,26.89,68.11,81,99,8.01
15,Bambous Virieux,MU,2020-10-29 06:01:51,-20.34,57.76,80.01,56,56,11.99
16,Cayenne,GF,2020-10-29 06:01:52,4.93,-52.33,77.0,100,0,9.91
17,Ushuaia,AR,2020-10-29 06:01:26,-54.8,-68.3,42.8,81,90,29.97
18,Egvekinot,RU,2020-10-29 06:01:53,66.32,-179.17,12.85,84,0,8.79
19,Puerto Ayora,EC,2020-10-29 06:01:54,-0.74,-90.35,68.0,96,70,5.01
20,Pevek,RU,2020-10-29 06:01:55,69.7,170.31,18.7,94,100,15.23
21,Hermanus,ZA,2020-10-29 06:01:56,-34.42,19.23,59.0,76,89,7.0
22,La Ronge,CA,2020-10-29 06:01:56,55.1,-105.28,26.6,86,89,6.93
23,Buraydah,SA,2020-10-29 06:01:57,26.33,43.98,64.4,36,0,5.28
24,Esperance,AU,2020-10-29 06:01:58,-33.87,121.9,68.0,52,10,19.46
25,Victoria,HK,2020-10-29 05:58:19,22.29,114.16,78.01,65,98,5.99
26,Celldomolk,HU,2020-10-29 06:01:59,47.26,17.15,42.8,100,80,1.61
27,Dragoman,BG,2020-10-29 06:02:00,42.92,22.93,50.0,93,90,5.82
28,Varlamovo,RU,2020-10-29 06:02:01,53.19,48.42,35.28,81,0,6.6
29,Constitucion,CL,2020-10-29 06:02:02,-35.33,-72.42,48.61,70,0,7.36
30,Thinadhoo,MV,2020-10-29 06:00:02,0.53,72.93,83.53,74,18,12.46
31,Yambio,SS,2020-10-29 06:02:04,4.57,28.4,74.98,90,57,2.66
32,Castro,BR,2020-10-29 06:00:28,-24.79,-50.01,59.4,48,16,1.23
33,Nikolskoye,RU,2020-10-29 06:02:05,59.7,30.79,48.99,93,20,4.47
34,Dudinka,RU,2020-10-29 06:02:07,69.41,86.18,5.68,86,53,8.97
35,Saskylakh,RU,2020-10-29 06:02:08,71.92,114.08,0.3,89,76,5.77
36,Sitka,US,2020-10-29 06:02:08,57.05,-135.33,39.2,93,40,5.82
37,Asfi,MA,2020-10-29 06:02:09,32.3,-9.24,62.26,73,0,15.79
38,Yerbogachen,RU,2020-10-29 06:02:10,61.28,108.01,17.74,92,100,12.44
39,Pasighat,IN,2020-10-29 05:57:50,28.07,95.33,86.52,38,0,3.13
40,Monte Carmelo,BR,2020-10-29 06:02:11,-18.72,-47.5,69.84,84,96,1.16
41,Cape Town,ZA,2020-10-29 05:57:56,-33.93,18.42,60.01,93,75,8.05
42,Mbanza-Ngungu,CD,2020-10-29 06:02:05,-5.25,14.87,70.72,94,99,3.04
43,Kavieng,PG,2020-10-29 06:02:14,-2.57,150.8,84.6,68,61,6.24
44,Kapaa,US,2020-10-29 05:59:19,22.08,-159.32,73.4,88,90,5.82
45,Tiznit,MA,2020-10-29 06:02:16,29.58,-9.5,67.37,32,59,10.18
46,Port Blair,IN,2020-10-29 06:01:52,11.67,92.75,84.36,70,70,4.9
47,Olafsvik,IS,2020-10-29 06:02:18,64.89,-23.71,43.14,70,62,30.67
48,Valparaiso,CL,2020-10-29 06:02:19,-33.04,-71.63,44.6,93,0,9.6
49,Albany,US,2020-10-29 06:02:20,42.6,-73.97,45.0,90,97,3.44
50,Tiksi,RU,2020-10-29 06:02:20,71.69,128.87,2.8,91,100,17.52
51,Douentza,ML,2020-10-29 06:02:21,15.0,-2.95,71.76,21,66,1.34
52,West Wendover,US,2020-10-29 06:02:22,40.74,-114.07,33.8,50,1,4.7
53,Tuktoyaktuk,CA,2020-10-29 06:02:23,69.45,-133.04,19.4,92,90,23.04
54,Tasiilaq,GL,2020-10-29 06:02:23,65.61,-37.64,33.8,43,100,18.34
55,Mabaruma,GY,2020-10-29 06:02:24,8.2,-59.78,74.26,99,92,1.86
56,Vaini,TO,2020-10-29 06:02:25,-21.2,-175.2,73.4,73,20,11.41
57,Hilo,US,2020-10-29 05:57:55,19.73,-155.09,80.6,74,90,2.3
58,Aktau,KZ,2020-10-29 06:02:09,43.65,51.2,46.4,33,0,24.61
59,Zalantun,CN,2020-10-29 06:02:27,48.0,122.72,43.32,51,0,2.33
60,Mut,TR,2020-10-29 06:02:28,36.64,33.44,69.19,31,0,2.89
61,Terney,RU,2020-10-29 06:02:29,45.05,136.61,43.45,61,11,19.64
62,Carnarvon,AU,2020-10-29 06:02:30,-24.87,113.63,78.8,61,26,11.41
63,Severo-Kurilsk,RU,2020-10-29 06:02:30,50.68,156.12,43.48,81,93,4.03
64,Hailey,US,2020-10-29 06:02:32,43.52,-114.32,37.4,55,5,6.93
65,Blagoyevo,RU,2020-10-29 06:02:33,63.37,47.92,38.43,94,91,7.99
66,Faanui,PF,2020-10-29 06:02:34,-16.48,-151.75,79.93,81,2,9.86
67,Caravelas,BR,2020-10-29 06:02:35,-17.71,-39.25,77.11,86,100,10.04
68,Cabo San Lucas,MX,2020-10-29 06:02:35,22.89,-109.91,71.01,64,51,0.98
69,Kavaratti,IN,2020-10-29 06:02:36,10.57,72.64,82.8,68,67,6.35
70,Dunedin,NZ,2020-10-29 06:01:44,-45.87,170.5,51.01,88,88,1.01
71,Barrow,US,2020-10-29 06:02:38,71.29,-156.79,21.2,92,90,12.75
72,Thompson,CA,2020-10-29 06:02:39,55.74,-97.86,-0.4,84,5,3.98
73,Waipawa,NZ,2020-10-29 06:02:40,-41.41,175.52,57.2,93,99,2.24
74,Busselton,AU,2020-10-29 06:02:22,-33.65,115.33,80.01,27,0,3.22
75,Leningradskiy,RU,2020-10-29 06:02:41,69.38,178.42,16.07,89,70,15.9
76,Sao Joao Da Barra,BR,2020-10-29 06:02:42,-21.64,-41.05,74.98,92,5,9.55
77,Camocim,BR,2020-10-29 06:00:01,-2.9,-40.84,75.81,88,39,11.5
78,Hofn,IS,2020-10-29 06:02:44,64.25,-15.21,44.08,84,99,25.21
79,Kalmunai,LK,2020-10-29 06:02:45,7.42,81.82,89.78,52,69,7.27
80,Alofi,NU,2020-10-29 06:02:45,-19.06,-169.92,73.4,64,16,14.99
81,Bengkulu,ID,2020-10-29 06:01:33,-3.8,102.27,84.15,67,98,7.58
82,Ranau,MY,2020-10-29 06:01:43,5.95,116.66,89.6,70,20,5.82
83,Jalu,LY,2020-10-29 06:02:49,29.03,21.55,64.38,73,0,2.75
84,Linxi,CN,2020-10-29 06:00:24,39.7,118.43,63.3,24,100,6.53
85,Serpa,PT,2020-10-29 06:02:50,37.95,-7.6,55.4,93,0,2.24
86,Voh,NC,2020-10-29 06:02:51,-20.97,164.7,80.67,58,59,5.75
87,Yerofey Pavlovich,RU,2020-10-29 06:02:53,53.97,121.97,29.05,83,35,2.68
88,Pangai,TO,2020-10-29 06:02:54,-19.8,-174.35,75.2,73,20,17.22
89,Chifeng,CN,2020-10-29 06:02:55,42.27,118.96,55.22,32,74,2.44
90,Sao Bento,BR,2020-10-29 06:02:55,-6.28,-37.75,68.11,86,95,6.98
91,Saint George,US,2020-10-29 06:01:47,37.1,-113.58,57.2,22,1,4.03
92,Itaqui,BR,2020-10-29 06:02:57,-29.13,-56.55,57.83,67,6,14.05
93,Saint Anthony,US,2020-10-29 06:02:58,45.02,-93.22,37.99,74,90,8.05
94,Kismayo,SO,2020-10-29 06:02:39,-0.36,42.55,82.35,70,22,12.68
95,Cidreira,BR,2020-10-29 06:03:01,-30.18,-50.21,67.1,84,53,6.98
96,Atuona,PF,2020-10-29 06:03:01,-9.8,-139.03,78.01,74,7,15.23
97,Polewali,ID,2020-10-29 06:02:45,-3.43,119.34,87.17,63,31,5.77
98,Kampong Chhnang,KH,2020-10-29 06:01:39,12.17,104.55,84.85,73,100,8.03
99,Tonantins,BR,2020-10-29 06:03:03,-2.87,-67.8,77.45,85,84,2.01
100,East London,ZA,2020-10-29 06:01:45,-33.02,27.91,66.2,93,75,12.75
101,Nome,US,2020-10-29 06:03:05,64.5,-165.41,26.6,73,1,6.93
102,Touros,BR,2020-10-29 06:03:06,-5.2,-35.46,75.2,88,0,4.7
103,Butaritari,KI,2020-10-29 06:03:07,3.07,172.79,81.73,73,85,6.15
104,Kuah,MY,2020-10-29 06:02:25,6.33,99.84,87.8,74,40,4.7
105,Novyy Urgal,RU,2020-10-29 06:03:08,51.07,132.56,39.69,71,88,5.1
106,Magadan,RU,2020-10-29 06:00:16,59.57,150.8,30.2,89,100,4.41
107,La Paz,BO,2020-10-29 06:03:10,-16.5,-68.15,39.2,14,32,2.24
108,Ozernovskiy,RU,2020-10-29 06:03:10,51.5,156.52,43.27,80,83,1.7
109,Tessalit,ML,2020-10-29 06:03:11,20.2,1.01,73.24,19,0,10.27
110,Porto Walter,BR,2020-10-29 06:03:12,-8.27,-72.74,77.0,79,83,2.71
111,Tateyama,JP,2020-10-29 06:00:02,34.98,139.87,75.0,52,20,10.29
112,Narsaq,GL,2020-10-29 06:03:14,60.92,-46.05,30.2,80,100,1.99
113,Petropavlovsk-Kamchatskiy,RU,2020-10-29 06:03:14,53.05,158.65,42.8,75,83,2.24
114,Yertarskiy,RU,2020-10-29 06:03:15,56.79,64.3,36.3,81,89,12.08
115,Salalah,OM,2020-10-29 06:00:05,17.02,54.09,86.0,58,20,2.24
116,Bourail,NC,2020-10-29 06:03:18,-21.57,165.48,79.34,54,37,6.13
117,Stuttgart,DE,2020-10-29 06:03:18,48.78,9.18,52.0,87,40,5.82
118,Jaguarao,BR,2020-10-29 06:03:19,-32.57,-53.38,50.0,84,93,13.0
119,Georgetown,MY,2020-10-29 06:03:20,5.41,100.34,87.8,66,20,5.82
120,Lilongwe,MW,2020-10-29 05:58:50,-13.97,33.79,73.4,60,40,17.22
121,Qaanaaq,GL,2020-10-29 06:03:22,77.48,-69.36,7.74,74,45,8.68
122,Jamestown,US,2020-10-29 06:03:11,42.1,-79.24,42.01,93,1,5.82
123,Hami,CN,2020-10-29 06:01:40,42.8,93.45,58.42,29,97,5.64
124,Iqaluit,CA,2020-10-29 06:03:25,63.75,-68.51,15.8,66,90,14.99
125,Mahebourg,MU,2020-10-29 06:03:26,-20.41,57.7,80.01,56,62,11.99
126,Zapolyarnyy,RU,2020-10-29 06:03:27,69.42,30.81,35.6,100,75,16.11
127,San Policarpo,PH,2020-10-29 06:03:28,12.18,125.51,81.7,84,86,8.55
128,Sao Filipe,CV,2020-10-29 06:01:39,14.9,-24.5,78.71,78,0,1.54
129,North Bend,US,2020-10-29 06:03:29,43.41,-124.22,51.01,100,1,4.7
130,La Rioja,ES,2020-10-29 06:01:38,42.25,-2.5,48.0,100,17,5.26
131,Akyab,MM,2020-10-29 06:03:31,20.15,92.9,86.83,66,85,5.41
132,Klaksvik,FO,2020-10-29 06:03:31,62.23,-6.59,46.4,100,56,14.99
133,Khatanga,RU,2020-10-29 06:03:32,71.97,102.5,1.53,88,0,10.51
134,Palmer,US,2020-10-29 06:02:31,42.16,-72.33,46.99,100,90,1.77
135,Port Hardy,CA,2020-10-29 06:03:34,50.7,-127.42,50.0,100,90,4.7
136,Dikson,RU,2020-10-29 06:03:35,73.51,80.55,3.06,86,0,17.69
137,Sinnamary,GF,2020-10-29 06:03:36,5.38,-52.95,79.43,87,40,10.33
138,Shimoda,JP,2020-10-29 06:03:36,34.67,138.95,69.8,52,20,10.29
139,Asau,RO,2020-10-29 06:03:37,46.43,26.4,51.01,84,20,4.94
140,Vila Velha,BR,2020-10-29 06:03:39,-20.33,-40.29,80.6,78,90,14.99
141,Sabang,ID,2020-10-29 06:03:40,5.89,95.32,82.8,74,100,16.93
142,Halifax,CA,2020-10-29 06:00:01,44.65,-63.57,39.2,86,83,2.73
143,Cerasu,RO,2020-10-29 06:03:42,45.32,26.03,36.0,90,1,21.99
144,Fairbanks,US,2020-10-29 06:01:47,64.84,-147.72,19.4,92,90,0.78
145,Kamenka,RU,2020-10-29 06:03:44,51.32,42.77,33.01,78,0,12.82
146,Lubango,AO,2020-10-29 06:03:45,-14.92,13.49,65.16,74,72,2.59
147,Deer Lake,CA,2020-10-29 06:03:45,49.17,-57.43,30.2,68,75,6.93
148,Gizo,SB,2020-10-29 06:03:46,-8.1,156.84,82.27,78,97,7.23
149,Namatanai,PG,2020-10-29 06:03:47,-3.67,152.43,84.33,69,93,2.01
150,Tilichiki,RU,2020-10-29 06:03:48,60.47,166.1,24.53,89,0,5.17
151,Druzhba,UA,2020-10-29 06:03:48,52.04,33.95,42.31,89,16,10.13
152,Ibra,OM,2020-10-29 06:02:39,22.69,58.53,84.83,13,0,3.13
153,Lorengau,PG,2020-10-29 06:03:50,-2.02,147.27,84.24,73,54,2.68
154,Gilgit,PK,2020-10-29 06:03:52,35.92,74.31,62.71,25,80,6.78
155,Tutoia,BR,2020-10-29 06:03:52,-2.76,-42.27,79.48,80,59,10.58
156,Hasaki,JP,2020-10-29 06:00:10,35.73,140.83,78.01,43,20,4.7
157,Saint-Philippe,RE,2020-10-29 06:03:54,-21.36,55.77,73.4,83,75,19.46
158,San Luis,AR,2020-10-29 06:01:27,-33.3,-66.34,51.42,46,0,7.16
159,Paracuru,BR,2020-10-29 06:03:59,-3.41,-39.03,80.01,73,70,24.0
160,Moosomin,CA,2020-10-29 06:03:59,50.13,-101.67,25.21,95,81,7.07
161,Kindu,CD,2020-10-29 06:04:00,-2.95,25.95,72.59,96,100,2.01
162,Mar Del Plata,AR,2020-10-29 06:04:01,-38.0,-57.56,51.01,81,0,10.29
163,Palauig,PH,2020-10-29 06:04:02,15.44,119.9,83.43,75,100,3.85
164,Porto Santo,PT,2020-10-29 06:04:02,33.07,-16.34,66.2,77,40,6.93
165,Nata,PA,2020-10-29 06:04:04,8.33,-80.52,72.0,88,100,5.23
166,Jumla,NP,2020-10-29 06:04:05,29.27,82.18,66.0,23,0,5.44
167,Sakakah,SA,2020-10-29 06:04:05,29.97,40.21,69.8,18,0,2.51
168,Naze,JP,2020-10-29 06:02:21,28.37,129.48,80.6,78,75,8.05
169,Avarua,CK,2020-10-29 06:01:56,-21.21,-159.78,73.4,83,66,6.93
170,Kruisfontein,ZA,2020-10-29 06:04:07,-34.0,24.73,64.0,90,100,3.0
171,Clyde River,CA,2020-10-29 06:04:08,70.47,-68.59,19.4,92,90,17.22
172,Chuy,UY,2020-10-29 06:01:43,-33.7,-53.46,56.26,69,73,13.82
173,Dzhida,RU,2020-10-29 06:04:10,50.68,106.18,43.29,58,61,5.03
174,Karasjok,NO,2020-10-29 06:04:11,69.47,25.51,26.6,79,75,16.11
175,Fortuna,US,2020-10-29 06:04:13,40.6,-124.16,50.0,81,1,5.82
176,Te Anau,NZ,2020-10-29 06:00:48,-45.42,167.72,61.74,85,49,3.53
177,Chapleau,CA,2020-10-29 06:04:14,47.84,-83.4,24.04,98,99,6.69
178,Baoding,CN,2020-10-29 06:01:28,38.85,115.49,65.46,27,61,7.99
179,Chapais,CA,2020-10-29 06:04:16,49.78,-74.85,24.8,85,90,11.41
180,Harper,LR,2020-10-29 06:02:05,4.38,-7.72,77.09,88,99,4.23
181,Lakheri,IN,2020-10-29 06:01:52,25.67,76.17,86.11,20,0,3.02
182,Taos,US,2020-10-29 06:04:18,36.41,-105.57,28.99,92,1,5.82
183,Clovis,US,2020-10-29 06:04:19,36.83,-119.7,60.8,41,75,2.73
184,Hambantota,LK,2020-10-29 06:00:04,6.12,81.12,85.08,67,98,8.5
185,Port Elizabeth,ZA,2020-10-29 06:04:20,-33.92,25.57,64.4,88,20,8.05
186,Bam,IR,2020-10-29 06:01:39,29.11,58.36,73.06,19,0,11.83
187,Tacuati,PY,2020-10-29 06:04:22,-23.45,-56.58,66.42,93,100,6.62
188,Ribeira Grande,PT,2020-10-29 06:04:23,38.52,-28.7,68.27,87,77,22.1
189,Pacific Grove,US,2020-10-29 06:04:23,36.62,-121.92,55.4,37,1,4.7
190,Sao Gabriel Da Cachoeira,BR,2020-10-29 06:04:24,-0.13,-67.09,75.15,88,99,2.04
191,Lincoln,US,2020-10-29 06:00:37,40.8,-96.67,43.0,80,98,7.0
192,Tuatapere,NZ,2020-10-29 06:04:26,-46.13,167.68,62.01,71,29,3.0
193,Oussouye,SN,2020-10-29 06:04:27,12.48,-16.55,78.22,77,84,5.75
194,Chokurdakh,RU,2020-10-29 06:04:27,70.63,147.92,-1.57,92,66,7.05
195,Puerto Escondido,MX,2020-10-29 06:04:28,15.85,-97.07,78.75,82,51,4.29
196,Singaraja,ID,2020-10-29 06:02:45,-8.11,115.09,86.07,66,39,3.74
197,Bouillante,GP,2020-10-29 06:04:30,16.13,-61.77,78.8,83,100,14.99
198,Harlingen,US,2020-10-29 06:04:31,26.19,-97.7,57.99,66,1,6.93
199,Lagoa,PT,2020-10-29 06:04:33,39.05,-27.98,67.89,87,54,26.11
200,Alice Springs,AU,2020-10-29 06:01:50,-23.7,133.88,96.8,6,0,14.99
201,Vila Franca Do Campo,PT,2020-10-29 06:04:34,37.72,-25.43,68.0,82,75,16.11
202,Port Lincoln,AU,2020-10-29 06:01:38,-34.73,135.87,58.32,72,86,25.21
203,Kenai,US,2020-10-29 06:04:36,60.55,-151.26,24.8,85,1,4.7
204,Tautira,PF,2020-10-29 06:04:37,-17.73,-149.15,78.8,74,75,10.29
205,Guerrero Negro,MX,2020-10-29 06:04:37,27.98,-114.06,63.99,58,42,5.73
206,Arraial Do Cabo,BR,2020-10-29 06:02:17,-22.97,-42.03,73.4,100,0,3.36
207,Mayo,US,2020-10-29 06:04:28,38.89,-76.51,62.01,87,90,3.36
208,Strezhevoy,RU,2020-10-29 06:04:39,60.73,77.59,5.0,84,0,4.47
209,Saint-Pierre,RE,2020-10-29 06:04:40,-21.34,55.48,73.4,83,75,19.46
210,Tallahassee,US,2020-10-29 06:01:47,30.44,-84.28,79.0,83,1,13.87
211,Shahreza,IR,2020-10-29 06:01:58,32.03,51.88,59.95,30,0,1.66
212,Natal,BR,2020-10-29 06:02:17,-5.79,-35.21,78.8,78,20,8.05
213,Rudbar,AF,2020-10-29 06:04:43,30.15,62.6,59.92,30,0,9.17
214,Punta Alta,AR,2020-10-29 06:01:30,-38.88,-62.07,49.28,54,0,14.34
215,Clarksburg,US,2020-10-29 06:04:42,39.28,-80.34,57.99,93,90,2.93
216,New Norfolk,AU,2020-10-29 06:04:46,-42.78,147.06,60.01,54,75,1.01
217,Comodoro Rivadavia,AR,2020-10-29 06:04:47,-45.87,-67.5,51.8,37,0,17.22
218,Kaitangata,NZ,2020-10-29 06:04:47,-46.28,169.85,53.01,89,74,14.0
219,Macapa,BR,2020-10-29 06:02:17,0.04,-51.07,80.6,88,40,3.36
220,Samarai,PG,2020-10-29 06:04:49,-10.62,150.67,82.8,73,76,8.48
221,Codrington,AU,2020-10-29 06:04:50,-38.27,141.97,58.05,82,98,7.96
222,Wanaka,NZ,2020-10-29 06:00:00,-44.7,169.15,62.62,73,95,2.15
223,Turukhansk,RU,2020-10-29 06:04:53,65.82,87.98,17.04,95,99,15.14
224,Padang,ID,2020-10-29 06:00:39,-0.95,100.35,85.66,63,98,5.95
225,Krasnoselkup,RU,2020-10-29 06:04:54,65.7,82.47,4.44,94,59,6.87
226,Waingapu,ID,2020-10-29 06:04:55,-9.66,120.26,88.03,61,26,14.5
227,Vavoua,CI,2020-10-29 06:02:20,7.38,-6.48,69.01,99,64,2.04
228,Luderitz,NA,2020-10-29 06:04:57,-26.65,15.16,63.39,51,96,15.77
229,Namibe,AO,2020-10-29 06:04:57,-15.2,12.15,70.56,82,18,4.9
230,Cascais,PT,2020-10-29 06:02:02,38.7,-9.42,61.0,73,0,5.01
231,Nicoya,CR,2020-10-29 06:02:39,10.15,-85.45,74.97,91,98,2.1
232,Mayenne,FR,2020-10-29 06:05:00,48.33,-0.67,53.6,87,0,6.93
233,Najran,SA,2020-10-29 06:05:01,17.49,44.13,66.2,25,0,4.7
234,Algeciras,ES,2020-10-29 06:02:12,36.13,-5.45,59.0,72,20,2.24
235,San Cristobal,VE,2020-10-29 06:00:59,7.77,-72.22,65.73,90,96,2.48
236,Hithadhoo,MV,2020-10-29 06:00:06,-0.6,73.08,83.5,74,0,11.52
237,Yumen,CN,2020-10-29 06:05:05,40.28,97.2,58.28,31,29,18.88
238,Jieshi,CN,2020-10-29 06:01:53,22.81,115.83,75.92,71,99,12.24
239,Taoudenni,ML,2020-10-29 06:05:07,22.68,-3.98,74.68,19,5,11.63
240,Chornyanka,UA,2020-10-29 06:05:08,46.65,33.36,50.0,100,90,8.95
241,Meulaboh,ID,2020-10-29 06:05:09,4.14,96.13,86.29,59,100,6.46
242,Barcelos,PT,2020-10-29 06:05:11,41.54,-8.62,51.01,93,20,10.29
243,Iquique,CL,2020-10-29 06:05:11,-20.22,-70.14,60.8,67,0,2.24
244,Kyshtovka,RU,2020-10-29 06:05:13,56.55,76.63,24.01,93,50,8.21
245,Jablah,SY,2020-10-29 06:05:14,35.36,35.93,71.6,78,0,3.36
246,Skjervoy,NO,2020-10-29 06:05:14,70.03,20.97,26.6,86,20,5.82
247,Neuquen,AR,2020-10-29 06:01:38,-38.95,-68.06,51.8,62,0,4.7
248,Nanortalik,GL,2020-10-29 06:05:17,60.14,-45.24,31.73,96,100,8.77
249,Kahului,US,2020-10-29 06:02:46,20.89,-156.47,82.4,69,40,13.87
250,Winneba,GH,2020-10-29 06:02:47,5.35,-0.62,73.4,100,0,6.93
251,Broken Hill,AU,2020-10-29 06:02:22,-31.95,141.43,77.0,20,45,11.41
252,Torbay,CA,2020-10-29 06:05:20,47.67,-52.73,32.0,92,75,4.7
253,Baykit,RU,2020-10-29 06:05:21,61.67,96.37,27.03,94,100,7.94
254,Bubaque,GW,2020-10-29 06:05:22,11.28,-15.83,83.21,72,53,7.76
255,Presidencia Roque Saenz Pena,AR,2020-10-29 06:02:38,-26.79,-60.44,69.01,52,63,7.0
256,Westport,US,2020-10-29 06:01:47,41.14,-73.36,52.0,93,1,5.26
257,Pisco,PE,2020-10-29 06:05:24,-13.7,-76.22,62.6,82,0,9.17
258,Mao,ES,2020-10-29 06:02:12,39.89,4.27,57.2,87,0,9.17
259,Souillac,MU,2020-10-29 06:05:26,-20.52,57.52,80.01,54,66,11.01
260,San Quintin,MX,2020-10-29 06:05:26,30.48,-115.95,60.91,53,0,4.41
261,Necochea,AR,2020-10-29 06:05:27,-38.55,-58.74,50.0,75,58,11.99
262,Provideniya,RU,2020-10-29 06:05:29,64.38,-173.3,24.8,62,40,4.47
263,Pandrup,DK,2020-10-29 06:05:30,57.22,9.68,43.0,96,57,9.69
264,Russell,US,2020-10-29 06:05:31,32.35,-85.2,78.8,74,90,17.22
265,Rongcheng,CN,2020-10-29 06:05:31,30.63,117.85,70.57,64,61,5.06
266,Garowe,SO,2020-10-29 06:02:39,8.41,48.48,79.05,57,36,5.57
267,Kattivakkam,IN,2020-10-29 06:05:33,13.22,80.32,78.44,85,100,18.61
268,Khani,GE,2020-10-29 06:05:34,41.96,42.96,68.0,49,0,17.22
269,Buala,SB,2020-10-29 06:05:34,-8.14,159.59,80.38,83,100,2.73
270,Mosalsk,RU,2020-10-29 06:05:35,54.49,34.98,40.44,93,0,8.46
271,Biloela,AU,2020-10-29 06:05:36,-24.42,150.5,84.38,16,0,9.8
272,Dakar,SN,2020-10-29 06:05:37,14.69,-17.44,75.2,94,0,9.17
273,Labuhan,ID,2020-10-29 06:05:38,-6.88,112.21,88.18,61,24,9.53
274,Shingu,JP,2020-10-29 06:05:39,33.73,135.98,71.6,37,0,14.99
275,Coxquihui,MX,2020-10-29 06:05:40,20.18,-97.58,69.37,89,100,3.65
276,Kaeo,NZ,2020-10-29 06:05:41,-35.1,173.78,66.0,85,100,5.99
277,Laguna,US,2020-10-29 06:05:41,38.42,-121.42,55.0,58,1,1.39
278,Valley Station,US,2020-10-29 06:05:42,38.11,-85.87,55.4,93,90,5.82
279,Progreso,MX,2020-10-29 06:02:40,21.28,-89.67,78.01,94,75,4.7
280,Dharchula,IN,2020-10-29 06:05:43,29.85,80.53,73.83,20,0,6.31
281,Upernavik,GL,2020-10-29 06:05:44,72.79,-56.15,15.04,85,92,11.01
282,Minot,US,2020-10-29 06:05:45,48.23,-101.3,33.8,74,90,8.05
283,Mehamn,NO,2020-10-29 06:05:45,71.04,27.85,30.2,86,75,12.75
284,High Level,CA,2020-10-29 06:05:46,58.52,-117.14,26.6,100,90,3.36
285,Airai,TL,2020-10-29 06:05:47,-8.93,125.41,72.43,75,43,2.91
286,Hualmay,PE,2020-10-29 06:05:48,-11.1,-77.61,61.61,86,39,8.37
287,Perumpavur,IN,2020-10-29 06:05:49,10.13,76.48,92.46,50,13,2.44
288,Bredasdorp,ZA,2020-10-29 06:01:45,-34.53,20.04,60.8,72,93,17.22
289,Zhezkazgan,KZ,2020-10-29 06:05:50,47.8,67.71,38.35,64,63,6.91
290,Aykhal,RU,2020-10-29 06:05:51,66.0,111.5,-0.36,87,9,3.4
291,Fare,PF,2020-10-29 06:05:52,-16.7,-151.02,80.65,81,13,9.13
292,Mayumba,GA,2020-10-29 06:05:53,-3.43,10.66,75.52,85,70,4.47
293,Steinbach,DE,2020-10-29 06:05:53,50.17,8.57,52.0,87,75,9.17
294,Chokwe,MZ,2020-10-29 06:02:46,-24.53,32.98,79.79,53,2,6.89
295,Pocone,BR,2020-10-29 06:05:55,-16.26,-56.62,75.06,93,97,8.63
296,Mogwase,ZA,2020-10-29 06:05:56,-25.18,27.27,77.85,21,0,11.59
297,Mykolayivka,UA,2020-10-29 06:05:57,47.54,30.76,51.22,81,98,7.14
298,Marquette,US,2020-10-29 06:05:57,46.53,-87.63,37.0,92,99,1.01
299,Arman,RU,2020-10-29 06:05:58,59.7,150.17,30.27,90,100,1.1
300,Beringovskiy,RU,2020-10-29 06:05:59,63.05,179.32,26.4,89,13,10.16
301,Henties Bay,NA,2020-10-29 06:06:00,-22.12,14.28,60.01,86,55,5.99
302,Khowst,AF,2020-10-29 06:06:01,33.38,69.88,68.13,24,0,4.27
303,Corowa,AU,2020-10-29 06:06:01,-36.03,146.38,75.2,43,90,3.36
304,Bela,IN,2020-10-29 06:01:57,25.93,81.98,85.39,27,0,3.13
305,Evensk,RU,2020-10-29 06:06:03,61.95,159.23,24.08,81,0,5.53
306,Sur,OM,2020-10-29 06:02:39,22.57,59.53,82.36,37,0,4.99
307,Hargeysa,SO,2020-10-29 06:06:05,9.56,44.06,70.29,44,0,5.44
308,Gat,IL,2020-10-29 06:02:03,31.61,34.76,73.99,100,73,4.36
309,Matay,EG,2020-10-29 06:06:06,28.42,30.78,73.98,68,70,15.59
310,Anadyr,RU,2020-10-29 06:06:07,64.75,177.48,10.4,85,40,6.71
311,Noumea,NC,2020-10-29 06:06:08,-22.28,166.46,87.8,40,40,6.93
312,Pogradec,AL,2020-10-29 06:06:09,40.9,20.65,50.94,75,53,1.95
313,Cedral,MX,2020-10-29 06:06:10,23.8,-100.73,62.51,63,0,7.96
314,Ilulissat,GL,2020-10-29 06:06:11,69.22,-51.1,15.8,66,90,5.82
315,Itigi,TZ,2020-10-29 06:06:12,-5.7,34.48,74.57,45,29,13.65
316,Isangel,VU,2020-10-29 06:06:13,-19.55,169.27,82.4,61,75,6.93
317,Puerto Del Rosario,ES,2020-10-29 06:02:12,28.5,-13.86,66.2,82,75,9.17
318,Katsuura,JP,2020-10-29 06:06:14,35.13,140.3,78.01,43,20,5.82
319,Dingle,PH,2020-10-29 06:06:15,11.0,122.67,85.64,77,48,9.57
320,Kimbe,PG,2020-10-29 06:02:38,-5.55,150.14,84.34,79,100,1.9
321,Deputatskiy,RU,2020-10-29 06:06:16,69.3,139.9,-0.18,91,97,1.14
322,Avera,US,2020-10-29 06:06:18,33.19,-82.53,75.2,90,90,10.29
323,Wenling,CN,2020-10-29 06:06:19,28.37,121.36,72.0,70,98,9.13
324,Robertsport,LR,2020-10-29 06:06:20,6.75,-11.37,79.54,78,100,4.21
325,Tancanhuitz,MX,2020-10-29 06:06:20,21.6,-98.97,62.49,83,100,1.03
326,Husavik,IS,2020-10-29 06:06:21,66.04,-17.34,41.0,75,20,9.17
327,Zhigansk,RU,2020-10-29 06:06:22,66.77,123.37,-9.42,89,1,0.83
328,Muros,ES,2020-10-29 06:06:22,42.78,-9.06,55.99,93,40,3.0
329,Nemuro,JP,2020-10-29 06:06:23,43.32,145.57,51.8,87,40,5.82
330,Mishan,CN,2020-10-29 06:05:32,45.55,131.88,41.61,62,36,16.69
331,Eyrarbakki,IS,2020-10-29 06:06:24,63.86,-21.15,46.4,45,40,24.16
332,Arcata,US,2020-10-29 06:06:25,40.87,-124.08,50.0,81,1,4.7
333,Ponta Do Sol,PT,2020-10-29 06:06:26,32.67,-17.1,68.0,72,40,8.05
334,Alugan,PH,2020-10-29 06:06:26,12.22,125.48,81.9,84,85,7.72
335,Gari,RU,2020-10-29 06:06:27,59.43,62.35,38.44,82,100,12.5
336,Hagen,DE,2020-10-29 06:06:28,51.35,7.47,46.99,85,45,3.0
337,Zabol,AF,2020-10-29 06:06:28,32.25,67.25,60.8,26,0,8.86
338,Bassano,CA,2020-10-29 06:06:29,50.78,-112.47,34.0,96,93,6.93
339,Tselinnoye,RU,2020-10-29 06:06:30,53.08,85.67,28.18,90,100,17.65
340,Simao,CN,2020-10-29 06:01:40,22.79,100.97,78.8,55,95,4.97
341,Verkhoyansk,RU,2020-10-29 06:06:31,67.54,133.38,5.4,93,100,1.83
342,Komsomolskiy,UZ,2020-10-29 06:06:32,40.43,71.72,46.4,33,1,9.17
343,Vardo,NO,2020-10-29 06:06:33,70.37,31.11,37.4,86,75,12.75
344,Awbari,LY,2020-10-29 06:06:34,26.59,12.78,59.63,52,0,8.52
345,La Ferte-Bernard,FR,2020-10-29 06:06:34,48.19,0.65,53.6,87,90,4.7
346,Paita,PE,2020-10-29 06:06:35,-5.09,-81.11,63.75,86,94,10.38
347,Northam,GB,2020-10-29 06:06:36,51.03,-4.22,54.0,95,100,4.0
348,Grindavik,IS,2020-10-29 06:06:36,63.84,-22.43,46.4,77,90,28.86
349,Banepa,NP,2020-10-29 06:06:37,27.63,85.52,77.0,44,20,2.57
350,Teahupoo,PF,2020-10-29 06:06:38,-17.83,-149.27,78.8,74,75,10.29
351,Kloulklubed,PW,2020-10-29 06:06:39,7.04,134.26,87.8,70,75,8.05
352,Yaan,NG,2020-10-29 06:04:00,7.38,8.57,73.87,93,87,4.79
353,Pervomayskaya,RU,2020-10-29 06:06:40,43.4,45.53,50.0,93,90,2.24
354,Boralday,KZ,2020-10-29 06:02:09,43.36,76.86,41.0,35,40,4.47
355,Paamiut,GL,2020-10-29 06:06:42,61.99,-49.67,27.7,87,96,13.76
356,Dongying,CN,2020-10-29 06:06:43,37.46,118.49,64.24,27,96,3.02
357,Saint-Georges,GD,2020-10-29 06:06:43,12.06,-61.75,80.6,83,75,19.46
358,Longyan,CN,2020-10-29 06:06:36,25.11,117.02,66.38,83,100,3.89
359,Mount Isa,AU,2020-10-29 06:06:45,-20.73,139.5,95.0,5,0,5.82
360,Andenes,NO,2020-10-29 06:06:46,69.31,16.12,39.2,86,75,13.87
361,Avigliano,IT,2020-10-29 06:06:46,40.73,15.72,42.01,99,1,1.99
362,Rujewa,TZ,2020-10-29 06:01:49,-8.7,34.38,78.4,41,64,11.74
363,Plettenberg Bay,ZA,2020-10-29 06:06:48,-34.05,23.37,61.66,89,100,1.72
364,Ratodero,PK,2020-10-29 06:02:00,27.8,68.29,77.0,65,0,5.3
365,Lebu,CL,2020-10-29 06:02:28,-37.62,-73.65,47.75,80,0,20.07
366,Mattru,SL,2020-10-29 06:06:51,7.62,-11.83,73.62,96,91,1.81
367,Mount Gambier,AU,2020-10-29 06:06:52,-37.83,140.77,55.4,93,90,12.75
368,Magadi,IN,2020-10-29 06:06:53,12.97,77.23,84.0,45,70,7.83
369,Beira,MZ,2020-10-29 06:02:46,-19.84,34.84,75.2,88,20,4.7
370,Agadez,NE,2020-10-29 06:06:55,19.75,10.25,67.06,25,0,9.82
371,Santa Fe,AR,2020-10-29 06:06:55,-31.63,-60.7,48.0,91,0,6.33
372,Sandakan,MY,2020-10-29 06:06:56,5.84,118.12,84.2,79,20,2.24
373,Camacha,PT,2020-10-29 06:06:57,33.08,-16.33,66.2,77,40,6.93
374,Grand-Lahou,CI,2020-10-29 06:06:58,5.14,-5.02,76.33,88,62,1.81
375,Manzhouli,CN,2020-10-29 06:06:59,49.6,117.43,41.31,59,9,13.11
376,Batemans Bay,AU,2020-10-29 06:06:59,-35.72,150.18,64.0,84,90,1.99
377,Kokopo,PG,2020-10-29 06:07:00,-4.35,152.26,82.58,80,92,4.65
378,Ust-Maya,RU,2020-10-29 06:07:01,60.42,134.53,12.47,94,100,3.47
379,Olavarria,AR,2020-10-29 06:07:02,-36.89,-60.32,46.99,82,12,5.01
380,Belmopan,BZ,2020-10-29 06:07:03,17.25,-88.77,73.99,82,95,3.04
381,Den Helder,NL,2020-10-29 06:07:03,52.96,4.76,52.0,71,75,20.8
382,Brasileia,BR,2020-10-29 06:07:04,-11.02,-68.75,75.67,82,92,3.09
383,Shiliguri,IN,2020-10-29 06:05:59,26.7,88.43,87.73,38,0,2.84
384,Eyl,SO,2020-10-29 06:02:39,7.98,49.82,82.47,62,64,1.83
385,Alta Floresta,BR,2020-10-29 06:07:06,-9.88,-56.09,72.95,87,100,0.83
386,Tura,IN,2020-10-29 06:07:07,25.52,90.22,85.73,65,20,1.36
387,Bardiyah,LY,2020-10-29 06:07:08,31.76,25.09,66.92,64,0,11.07
388,Besancon,FR,2020-10-29 06:07:09,47.25,6.02,52.0,100,100,11.36
389,Ossora,RU,2020-10-29 06:07:09,59.24,163.07,32.77,93,57,2.57
390,Sachin,IN,2020-10-29 06:07:10,21.08,72.88,86.99,41,0,3.06
391,Haapiti,PF,2020-10-29 06:07:11,-17.57,-149.87,78.8,74,75,10.29
392,Acari,PE,2020-10-29 06:07:11,-15.43,-74.62,64.18,71,47,3.87
393,Sao Felix Do Xingu,BR,2020-10-29 06:02:19,-6.64,-51.99,72.57,94,84,0.36
394,Sorong,ID,2020-10-29 06:07:13,-0.88,131.25,81.18,77,100,12.26
395,Ereymentau,KZ,2020-10-29 06:07:13,51.62,73.1,30.45,98,100,19.48
396,Porbandar,IN,2020-10-29 06:07:14,21.64,69.61,84.87,39,0,2.28
397,Mabiton,PH,2020-10-29 06:07:15,12.83,123.26,85.39,69,52,5.17
398,Teguise,ES,2020-10-29 06:07:15,29.06,-13.56,68.0,77,0,9.17
399,Kaliyaganj,IN,2020-10-29 06:07:16,25.63,88.32,86.4,51,0,6.06
400,Shubarshi,KZ,2020-10-29 06:04:31,48.59,57.19,42.6,57,45,5.5
401,Upata,VE,2020-10-29 06:07:19,8.01,-62.4,71.85,98,65,2.28
402,Pedernales,DO,2020-10-29 06:07:19,18.04,-71.74,79.93,66,0,3.67
403,Cururupu,BR,2020-10-29 06:07:20,-1.83,-44.87,77.95,82,97,4.09
404,Burnie,AU,2020-10-29 06:07:21,-41.07,145.92,57.54,70,11,5.28
405,Viedma,AR,2020-10-29 06:07:23,-40.81,-63.0,43.77,61,0,5.48
406,Biak,ID,2020-10-29 06:07:24,-0.91,122.88,85.26,62,68,3.09
407,Kurilsk,RU,2020-10-29 06:07:26,45.23,147.88,46.36,72,100,13.49
408,Bathsheba,BB,2020-10-29 06:07:26,13.22,-59.52,79.65,84,100,18.37
409,Longyearbyen,SJ,2020-10-29 06:07:27,78.22,15.64,24.8,62,75,17.22
410,West Fargo,US,2020-10-29 06:07:28,46.88,-96.9,28.4,79,75,8.05
411,Hay River,CA,2020-10-29 06:07:28,60.82,-115.8,21.2,85,69,5.82
412,Republic,US,2020-10-29 06:07:29,37.12,-93.48,46.99,100,90,13.87
413,Ketchikan,US,2020-10-29 06:07:30,55.34,-131.65,41.0,100,1,3.36
414,Thunder Bay,CA,2020-10-29 06:07:31,48.4,-89.32,30.2,54,90,4.7
415,Angatuba,BR,2020-10-29 06:07:32,-23.49,-48.41,63.86,61,0,5.59
416,Brandon,US,2020-10-29 06:07:32,27.94,-82.29,78.8,83,75,3.36
417,Taltal,CL,2020-10-29 06:07:33,-25.4,-70.48,54.48,77,37,0.09
418,Hervey Bay,AU,2020-10-29 06:07:34,-25.3,152.85,82.0,70,0,5.99
419,Ayorou,NE,2020-10-29 06:07:35,14.73,0.92,76.93,18,7,5.88
420,Conceicao Do Araguaia,BR,2020-10-29 06:07:35,-8.26,-49.26,74.48,90,100,4.34
421,Auki,SB,2020-10-29 06:07:36,-8.77,160.7,82.44,75,100,1.45
422,Skegness,GB,2020-10-29 06:02:37,53.14,0.34,45.0,81,0,3.36
423,Hecun,CN,2020-10-29 06:07:38,36.53,114.11,63.18,31,46,4.94
424,Xuddur,SO,2020-10-29 06:07:38,4.12,43.89,75.97,77,92,10.8
425,Huron,US,2020-10-29 06:07:39,41.15,-82.55,45.0,93,100,1.14
426,Manokwari,ID,2020-10-29 06:07:40,-0.87,134.08,84.2,68,89,3.49
427,Karera,IN,2020-10-29 06:07:41,25.47,78.15,86.85,22,0,7.49
428,Revda,RU,2020-10-29 06:07:41,56.8,59.93,37.4,59,0,20.13
429,Portland,US,2020-10-29 06:07:42,45.52,-122.68,52.0,87,20,3.36
430,Margate,GB,2020-10-29 06:07:43,51.38,1.39,51.01,66,45,5.99
431,Luba,GQ,2020-10-29 06:07:44,3.46,8.55,75.2,100,40,3.44
432,Dwarka,IN,2020-10-29 06:05:38,22.24,68.97,83.34,44,0,3.02
433,Maloy,NO,2020-10-29 06:07:45,61.94,5.11,50.0,81,40,11.41
434,Praia,CV,2020-10-29 06:07:46,14.92,-23.51,77.0,88,0,12.75
435,Havre-Saint-Pierre,CA,2020-10-29 06:07:47,50.23,-63.6,30.2,74,90,6.93
436,Omboue,GA,2020-10-29 06:07:47,-1.57,9.26,75.67,92,90,5.82
437,Burla,IN,2020-10-29 06:07:48,21.5,83.87,82.11,44,0,7.09
438,Shahr-E Kord,IR,2020-10-29 06:07:49,32.33,50.86,42.8,26,0,2.24
439,Severnyy,RU,2020-10-29 06:07:50,50.68,36.55,41.0,70,0,11.18
440,Lavrentiya,RU,2020-10-29 06:07:47,65.58,-171.0,25.65,88,100,7.27
441,Oktyabrskiy,RU,2020-10-29 06:07:51,54.48,53.47,35.26,81,61,9.13
442,Kiunga,PG,2020-10-29 06:07:53,-6.12,141.29,85.64,74,96,3.47
443,Raudeberg,NO,2020-10-29 06:07:54,61.99,5.14,46.0,94,100,6.78
444,Cairns,AU,2020-10-29 06:03:53,-16.92,145.77,84.99,66,75,10.29
445,Fukue,JP,2020-10-29 06:07:55,32.69,128.84,69.8,52,20,10.29
446,Maralal,KE,2020-10-29 06:07:56,1.1,36.7,62.4,85,83,10.67
447,Aginskoye,RU,2020-10-29 06:07:57,51.1,114.53,40.33,65,29,10.98
448,Ostrovnoy,RU,2020-10-29 06:07:58,68.05,39.51,40.01,92,100,20.78
449,Gotsu,JP,2020-10-29 06:07:58,35.0,132.22,66.2,68,20,4.7
450,Lompoc,US,2020-10-29 06:03:33,34.64,-120.46,55.0,52,1,4.94
451,Havoysund,NO,2020-10-29 06:07:34,71.0,24.66,37.4,80,75,21.92
452,Masallatah,LY,2020-10-29 06:08:00,32.62,14.0,63.93,72,34,12.59
453,Ishigaki,JP,2020-10-29 06:04:17,24.34,124.16,82.4,69,20,18.34
454,Megion,RU,2020-10-29 06:08:02,61.03,76.11,5.0,84,0,4.47
455,Rundu,NA,2020-10-29 06:07:14,-17.93,19.77,75.02,53,61,5.26
456,Ipora,BR,2020-10-29 06:08:03,-16.44,-51.12,69.57,93,100,3.06
457,Kachiry,KZ,2020-10-29 06:06:57,53.07,76.1,33.24,89,76,12.26
458,Pandan,PH,2020-10-29 06:08:03,14.05,124.17,82.94,82,39,10.22
459,Qasigiannguit,GL,2020-10-29 06:08:04,68.82,-51.19,15.8,66,88,5.82
460,Kings Mountain,US,2020-10-29 06:08:04,35.25,-81.34,69.8,88,90,5.82
461,Bandarbeyla,SO,2020-10-29 06:08:05,9.49,50.81,81.88,63,0,3.85
462,Aquiraz,BR,2020-10-29 06:08:05,-3.9,-38.39,78.8,78,40,12.75
463,Makakilo City,US,2020-10-29 06:08:06,21.35,-158.09,77.0,78,90,5.82
464,Trincomalee,LK,2020-10-29 06:07:33,8.57,81.23,85.14,66,95,9.71
465,Rio Grande,BR,2020-10-29 06:08:07,-32.03,-52.1,57.99,90,97,4.0
466,Garden City,US,2020-10-29 06:08:07,42.33,-83.33,44.6,70,90,5.82
467,Mangan,IN,2020-10-29 06:08:08,27.52,88.53,84.42,15,0,5.95
468,Bonthe,SL,2020-10-29 06:08:09,7.53,-12.51,78.24,83,99,2.08
469,Port-Gentil,GA,2020-10-29 06:05:56,-0.72,8.78,77.0,100,90,8.05
470,Manchester,GB,2020-10-29 06:07:03,53.48,-2.24,46.0,87,80,4.7
471,Coihaique,CL,2020-10-29 06:07:08,-45.58,-72.07,37.4,86,0,3.36
472,Oranjestad,AW,2020-10-29 06:07:45,12.52,-70.03,82.4,78,20,8.05
473,Adrar,MR,2020-10-29 06:08:11,20.5,-10.07,74.28,20,8,9.44
474,Nexo,DK,2020-10-29 06:08:12,55.06,15.13,51.8,93,82,18.34
475,Gamba,GA,2020-10-29 06:08:12,-2.65,10.0,75.4,87,91,6.33
476,Mikkeli,FI,2020-10-29 06:08:13,61.69,27.27,48.2,87,90,6.93
477,Kolondieba,ML,2020-10-29 06:08:13,11.09,-6.89,69.37,48,83,1.01
478,Meybod,IR,2020-10-29 06:08:14,32.25,54.02,64.4,22,0,2.24
479,Champerico,GT,2020-10-29 06:06:50,14.3,-91.92,68.0,95,100,1.01
480,Chimbote,PE,2020-10-29 06:08:14,-9.09,-78.58,60.89,91,100,7.63
481,Isabela,PH,2020-10-29 06:08:15,6.71,121.97,89.6,62,40,5.82
482,Manta,EC,2020-10-29 06:08:15,-0.95,-80.73,73.4,83,75,4.7
483,Tukrah,LY,2020-10-29 06:08:16,32.53,20.58,68.25,56,3,11.3
484,Honiara,SB,2020-10-29 06:06:23,-9.43,159.95,84.2,79,90,5.82
485,Fernie,CA,2020-10-29 06:06:41,49.5,-115.07,44.6,70,100,9.17
486,Monrovia,LR,2020-10-29 06:08:17,6.3,-10.8,77.0,94,40,2.8
487,Flinders,AU,2020-10-29 06:08:17,-34.58,150.86,68.0,72,80,3.0
488,Sakaraha,MG,2020-10-29 06:08:18,-22.9,44.53,83.25,36,0,9.53
489,Cortland,US,2020-10-29 06:08:19,42.6,-76.08,39.0,59,1,1.5
490,Norman Wells,CA,2020-10-29 06:08:19,65.28,-126.83,-2.2,84,40,3.36
491,Banda Aceh,ID,2020-10-29 06:07:20,5.56,95.32,87.19,56,100,12.82
492,Shemysheyka,RU,2020-10-29 06:08:20,52.89,45.39,35.53,78,8,9.33
493,Chicama,PE,2020-10-29 06:08:21,-7.84,-79.15,62.74,83,99,3.96
494,Sarishabari,BD,2020-10-29 06:08:21,24.73,89.83,84.34,67,0,3.13
495,Porto Nacional,BR,2020-10-29 06:08:22,-10.71,-48.42,75.2,94,75,2.24
496,Wuchang,CN,2020-10-29 06:08:22,44.91,127.15,41.02,62,0,8.77
497,Raga,SS,2020-10-29 06:08:23,8.46,25.68,77.61,63,11,1.7
498,Lujan,AR,2020-10-29 06:08:23,-34.57,-59.1,52.0,99,0,7.87
499,Encruzilhada,BR,2020-10-29 06:08:24,-15.53,-40.91,69.08,95,95,3.6
500,Shahr-E Babak,IR,2020-10-29 06:08:24,30.12,55.12,61.02,27,0,2.26
501,Chantilly,US,2020-10-29 06:06:45,38.89,-77.43,63.0,88,90,3.36
502,Ancud,CL,2020-10-29 06:08:25,-41.87,-73.82,41.0,93,1,3.36
503,Byron Bay,AU,2020-10-29 06:08:26,-28.65,153.62,71.01,77,75,9.17
504,Yulara,AU,2020-10-29 06:05:54,-25.24,130.99,100.4,8,0,17.22
505,Lata,PT,2020-10-29 06:08:27,40.16,-8.33,53.01,100,75,4.7
506,Talnakh,RU,2020-10-29 06:06:34,69.49,88.4,8.37,82,31,3.89
507,Hobyo,SO,2020-10-29 06:07:17,5.35,48.53,81.45,68,68,4.34
508,Odessa,UA,2020-10-29 06:04:53,46.48,30.73,53.6,93,40,4.47
509,Masterton,NZ,2020-10-29 06:08:28,-40.96,175.66,61.0,94,100,1.01
510,Udachnyy,RU,2020-10-29 06:06:55,66.42,112.4,-3.78,89,0,2.44
511,La Orilla,MX,2020-10-29 06:08:29,17.98,-102.23,76.84,90,20,3.62
512,Lokoja,NG,2020-10-29 06:08:30,7.8,6.74,75.13,86,80,2.15
513,Hanko,FI,2020-10-29 06:08:30,59.83,22.95,50.0,88,62,5.01
514,Quixeramobim,BR,2020-10-29 06:08:30,-5.2,-39.29,75.16,77,72,7.85
515,Tagusao,PH,2020-10-29 06:08:31,9.19,117.81,86.5,62,21,6.44
516,Tarasovskiy,RU,2020-10-29 06:08:31,48.73,40.36,44.76,59,6,15.08
517,Okato,NZ,2020-10-29 06:08:32,-39.2,173.88,59.0,94,100,1.39
518,Ola,RU,2020-10-29 06:08:32,59.58,151.28,30.11,90,100,3.58
519,Diego De Almagro,CL,2020-10-29 06:07:09,-26.37,-70.05,49.75,49,0,0.94
520,Sabha,LY,2020-10-29 06:08:33,27.04,14.43,60.42,50,0,13.18
521,Aviles,ES,2020-10-29 06:08:34,43.55,-5.92,53.6,71,0,9.17
522,Prince Rupert,CA,2020-10-29 06:08:35,54.32,-130.32,44.6,100,90,3.49
523,Assiniboia,CA,2020-10-29 06:08:35,49.63,-105.98,24.8,85,65,3.36
524,Marzuq,YE,2020-10-29 06:06:25,14.4,46.47,71.85,22,0,4.85
525,Ouallam,NE,2020-10-29 06:08:36,14.32,2.09,78.22,17,0,7.54
526,Belmonte,BR,2020-10-29 06:08:37,-15.86,-38.88,77.0,83,75,10.29
527,Oksfjord,NO,2020-10-29 06:07:01,70.24,22.35,37.4,85,20,5.82
528,Sibenik,HR,2020-10-29 06:08:38,43.73,15.91,55.4,82,0,3.36
529,Xiamen,CN,2020-10-29 06:08:07,24.48,118.08,78.8,50,0,11.18
530,Sharjah,AE,2020-10-29 06:08:38,25.36,55.4,80.6,57,0,3.36
531,Tecpan,GT,2020-10-29 06:08:39,14.76,-90.99,68.0,88,90,4.7
532,Yakeshi,CN,2020-10-29 06:08:39,49.28,120.73,33.89,87,0,3.49
533,Geraldton,AU,2020-10-29 06:07:45,-28.77,114.6,89.6,29,0,18.34
534,Panaba,MX,2020-10-29 06:08:40,21.28,-88.27,74.52,94,91,4.56
535,Roald,NO,2020-10-29 06:08:41,62.58,6.13,44.6,93,75,6.93
536,Alekseyevskaya,RU,2020-10-29 06:08:41,50.29,42.18,36.0,73,0,3.0
537,Gornyy,RU,2020-10-29 06:08:41,55.12,83.91,21.97,95,99,16.53
538,Usinsk,RU,2020-10-29 06:08:42,65.99,57.53,37.92,96,100,23.51
539,Chirongui,YT,2020-10-29 06:08:42,-12.93,45.15,84.2,74,0,4.7
540,Kalemie,CD,2020-10-29 06:08:43,-5.95,29.19,77.61,65,100,5.59
541,Gimli,CA,2020-10-29 06:06:02,50.63,-96.99,24.8,67,17,5.82
542,Belaya Gora,RU,2020-10-29 06:08:44,68.53,146.42,6.49,95,100,4.54
543,Lumphat,KH,2020-10-29 06:08:44,13.49,106.98,80.38,90,88,3.38
544,Port Macquarie,AU,2020-10-29 06:08:45,-31.43,152.92,63.0,95,35,9.82
545,Hvittingfoss,NO,2020-10-29 06:08:45,59.48,10.02,37.99,90,89,1.01
546,Debre Sina,ET,2020-10-29 06:08:46,9.85,39.77,57.27,46,0,6.78
547,Nhulunbuy,AU,2020-10-29 06:08:46,-12.23,136.77,91.4,49,40,17.22
548,Fort Nelson,CA,2020-10-29 06:08:04,58.81,-122.7,30.2,86,75,3.36
549,Kabinda,CD,2020-10-29 06:08:47,-6.13,24.48,71.51,93,96,5.68
550,Moose Factory,CA,2020-10-29 06:08:48,51.26,-80.61,21.2,73,75,10.29
551,Poronaysk,RU,2020-10-29 06:08:48,49.22,143.12,44.62,73,100,11.14
